id,first_name,last_name,email,gender,ip_address
1,Michelle,Carroll,mcarroll0@marriott.com,Female,166.93.120.51
2,Edward,Matthews,ematthews1@discovery.com,Male,110.146.172.95
3,Carol,Watkins,cwatkins2@skyrock.com,Female,252.238.108.28
4,Billy,Collins,bcollins3@hubpages.com,Male,178.96.59.40
5,Debra,Willis,dwillis4@geocities.jp,Female,177.108.206.94
6,Kathleen,Griffin,kgriffin5@dell.com,Female,120.78.207.79
7,Ruby,Wallace,rwallace6@squarespace.com,Female,47.58.84.36
8,Louis,Thompson,lthompson7@home.pl,Male,16.236.204.168
9,Marilyn,Hall,mhall8@livejournal.com,Female,187.165.166.187
10,Andrea,Lawson,alawson9@nps.gov,Female,153.140.115.108
11,Timothy,Turner,tturnera@reference.com,Male,56.220.100.185
12,Albert,Gordon,agordonb@linkedin.com,Male,153.241.50.31
13,Bobby,Morrison,bmorrisonc@slashdot.org,Male,35.198.49.234
14,Robin,Allen,rallend@bbb.org,Female,220.253.205.207
15,Samuel,Burton,sburtone@java.com,Male,254.142.194.135
16,Phyllis,Perez,pperezf@theatlantic.com,Female,119.236.148.10
17,Charles,Schmidt,cschmidtg@pen.io,Male,124.30.98.1
18,Ryan,Montgomery,rmontgomeryh@home.pl,Male,14.183.98.115
19,Clarence,Martinez,cmartinezi@merriam-webster.com,Male,185.141.1.96
20,Harry,Oliver,holiverj@purevolume.com,Male,205.42.44.193
21,Rachel,Morris,rmorrisk@bbb.org,Female,85.108.128.145
22,Emily,Howell,ehowelll@ucla.edu,Female,229.66.212.50
23,Sean,Mendoza,smendozam@mozilla.org,Male,193.52.173.96
24,Philip,Garcia,pgarcian@odnoklassniki.ru,Male,114.209.211.7
25,Marie,Simpson,msimpsono@nationalgeographic.com,Female,114.199.88.78
26,Angela,Bradley,abradleyp@newyorker.com,Female,122.204.194.239
27,Diana,White,dwhiteq@china.com.cn,Female,35.66.78.59
28,Ernest,Anderson,eandersonr@wix.com,Male,149.82.104.194
29,Jesse,Martin,jmartins@discuz.net,Male,208.5.17.142
30,Barbara,Gomez,bgomezt@trellian.com,Female,139.208.132.65
31,Jennifer,Castillo,jcastillou@pagesperso-orange.fr,Female,247.245.252.95
32,Terry,Turner,tturnerv@europa.eu,Male,43.179.170.52
33,Cynthia,Knight,cknightw@apache.org,Female,148.50.14.221
34,Janet,Reed,jreedx@ovh.net,Female,127.74.89.40
35,Martha,Rodriguez,mrodriguezy@ed.gov,Female,30.6.177.97
36,Shawn,Gibson,sgibsonz@quantcast.com,Male,60.179.9.111
37,Gerald,Martinez,gmartinez10@bing.com,Male,116.123.30.111
38,Wayne,Reid,wreid11@360.cn,Male,17.239.243.134
39,Steven,Bennett,sbennett12@wordpress.org,Male,188.202.247.246
40,Phyllis,Murray,pmurray13@ehow.com,Female,34.121.215.98
41,Diana,Stanley,dstanley14@google.com.br,Female,141.145.164.234
42,Alice,Weaver,aweaver15@gizmodo.com,Female,165.115.95.7
43,Beverly,Johnston,bjohnston16@behance.net,Female,237.250.68.117
44,Gregory,Adams,gadams17@google.com,Male,80.51.231.57
45,Denise,Stephens,dstephens18@dedecms.com,Female,20.231.26.60
46,Kathryn,Watson,kwatson19@soundcloud.com,Female,41.47.70.57
47,Kimberly,Gutierrez,kgutierrez1a@paypal.com,Female,233.252.128.123
48,Tammy,Owens,towens1b@geocities.com,Female,241.60.224.158
49,Margaret,Payne,mpayne1c@salon.com,Female,113.82.57.49
50,Nicole,Snyder,nsnyder1d@linkedin.com,Female,64.118.47.81
51,Terry,Hill,thill1e@multiply.com,Male,148.92.75.212
52,Benjamin,Bennett,bbennett1f@moonfruit.com,Male,51.133.216.126
53,Rachel,Stewart,rstewart1g@google.fr,Female,161.172.47.246
54,Shirley,Tucker,stucker1h@chronoengine.com,Female,132.225.56.20
55,Sean,Cook,scook1i@vkontakte.ru,Male,255.252.95.211
56,Margaret,Woods,mwoods1j@indiatimes.com,Female,111.112.29.6
57,Melissa,Berry,mberry1k@meetup.com,Female,101.196.52.89
58,Mary,Fox,mfox1l@github.com,Female,180.49.48.134
59,Sharon,Burns,sburns1m@1688.com,Female,119.163.206.225
60,Deborah,Duncan,dduncan1n@dagondesign.com,Female,150.156.39.151
61,Earl,Duncan,eduncan1o@unc.edu,Male,49.98.91.105
62,Alan,Henderson,ahenderson1p@army.mil,Male,195.25.73.228
63,Thomas,Nguyen,tnguyen1q@g.co,Male,91.205.255.66
64,Angela,Coleman,acoleman1r@vinaora.com,Female,233.254.96.236
65,Jennifer,Lopez,jlopez1s@redcross.org,Female,67.46.117.131
66,Carl,Perez,cperez1t@imageshack.us,Male,240.100.207.133
67,Ryan,Lynch,rlynch1u@state.gov,Male,134.243.247.62
68,Jimmy,Stephens,jstephens1v@surveymonkey.com,Male,199.188.147.210
69,Jeffrey,Gonzalez,jgonzalez1w@cdc.gov,Male,254.50.41.66
70,Johnny,Hunter,jhunter1x@google.fr,Male,8.186.4.27
71,Marilyn,Mcdonald,mmcdonald1y@liveinternet.ru,Female,90.76.193.252
72,Victor,Chavez,vchavez1z@si.edu,Male,168.42.99.162
73,Gary,Bailey,gbailey20@example.com,Male,153.49.57.144
74,Eugene,Young,eyoung21@drupal.org,Male,225.134.148.89
75,Margaret,Moore,mmoore22@yolasite.com,Female,237.203.4.223
76,Dorothy,Morrison,dmorrison23@pagesperso-orange.fr,Female,67.61.251.120
77,Diana,Jackson,djackson24@wp.com,Female,241.23.150.18
78,Nicholas,Torres,ntorres25@reverbnation.com,Male,246.255.106.96
79,Alan,Elliott,aelliott26@usa.gov,Male,97.138.202.250
80,Louis,Patterson,lpatterson27@vimeo.com,Male,144.134.212.32
81,Fred,Lawrence,flawrence28@china.com.cn,Male,228.150.11.102
82,Margaret,Patterson,mpatterson29@senate.gov,Female,170.91.57.219
83,Elizabeth,Johnston,ejohnston2a@sakura.ne.jp,Female,176.254.102.74
84,Lois,Griffin,lgriffin2b@apple.com,Female,154.196.146.17
85,Lillian,Foster,lfoster2c@nature.com,Female,95.44.2.209
86,Arthur,Romero,aromero2d@goo.gl,Male,177.120.222.2
87,Janet,Burton,jburton2e@cam.ac.uk,Female,37.221.83.70
88,Antonio,Austin,aaustin2f@ucla.edu,Male,19.9.104.73
89,Nancy,Cruz,ncruz2g@cmu.edu,Female,187.184.242.169
90,Linda,Murphy,lmurphy2h@163.com,Female,159.112.91.62
91,Christopher,Hawkins,chawkins2i@examiner.com,Male,29.205.14.31
92,Joshua,Richards,jrichards2j@pagesperso-orange.fr,Male,182.201.37.105
93,Tina,Elliott,telliott2k@gravatar.com,Female,121.9.102.36
94,Maria,Barnes,mbarnes2l@berkeley.edu,Female,93.29.145.64
95,Christopher,Mcdonald,cmcdonald2m@nbcnews.com,Male,111.80.223.152
96,Terry,Romero,tromero2n@opera.com,Male,34.199.166.83
97,Andrew,Reid,areid2o@e-recht24.de,Male,114.238.173.136
98,Steve,Burns,sburns2p@nih.gov,Male,158.59.217.0
99,Mildred,Hansen,mhansen2q@about.com,Female,198.122.135.180
100,Robert,Harris,rharris2r@123-reg.co.uk,Male,179.26.206.160